s1;s2;CS;ACO1;IDH3A;OGDH;DLST;DLD;SUCLG2;SDHA;FH;MDH1;ACLY
-1.500296549720296913e+00;6.943640971568589837e-01;-1.500296549720296913e+00;-1.369500465370828257e+00;-8.215880956362884291e-01;-4.225829994387286792e-01;-1.580104570778802509e-01;-1.376383067840957874e+00;-2.480359753286531799e-02;-6.750287218746646722e-01;6.943640971568589837e-01;6.739436132077920583e-01;1.506162411779832233e+00
6.674611244071734228e-01;1.233774834352755922e+00;6.674611244071734228e-01;5.685036281335391628e-01;3.241050765181253124e-01;-8.992470095447258061e-02;2.903175693901434151e-01;1.461669048732856746e+00;-1.101677552785104597e+00;-3.873425588509773476e-01;1.233774834352755922e+00;1.662739351335627447e+00;4.418111938096014324e-02
4.394735044035174565e-01;-1.347599286947930575e-01;4.394735044035174565e-01;6.632191200113188856e-01;-9.583360447105222502e-01;3.568769863424432476e-01;1.344371219351767621e+00;-6.283222911289820800e-01;-4.383046094513025626e-01;1.091582777755126799e+00;-1.347599286947930575e-01;-1.500092579991265218e+00;8.802412144215784329e-01
2.102125818614494435e+00;1.205880833907754024e+00;2.102125818614494435e+00;4.656691799789102193e-01;6.304410919853741246e-01;4.036286836359054275e-01;3.959619081348294545e-01;-7.411114469002549887e-02;-7.447247610500331572e-01;2.561380115203776953e+00;1.205880833907754024e+00;1.961593120421045278e+00;-6.496232538477484386e-01
-1.286501742567800699e+00;-1.810679694861839995e+00;-1.286501742567800699e+00;1.639906631927355640e+00;-1.583216634885840302e+00;-1.508511018334499632e+00;3.674828140023490564e-01;5.961255597858832189e-01;1.466913243033935110e+00;5.608350149198793044e-01;-1.810679694861839995e+00;7.879507902923563734e-01;5.847615545078137522e-01
5.001411266941452327e-01;-7.513484713718712182e-01;5.001411266941452327e-01;-1.892029671832961002e+00;-2.504699522170004133e-01;5.952489798719873271e-01;7.846618486891275834e-01;3.533659209004811896e-01;6.124458478860259625e-01;-1.393636755501467261e+00;-7.513484713718712182e-01;1.767258295530228951e+00;2.762924448966908919e+00
-6.578748082381642437e-01;6.727028953754375651e-02;-6.578748082381642437e-01;2.939511464925759210e-01;1.461954861472545719e+00;5.507384654915222777e-01;1.808080051147467504e+00;1.324755608405946639e+00;6.900751423857625078e-01;-3.784088864436696564e-01;6.727028953754375651e-02;-1.372998573501369446e+00;7.175414371437017769e-01
2.874924118449274646e-01;7.468926774460094009e-01;2.874924118449274646e-01;3.669295186869939718e-01;5.320661275557366787e-01;1.338115774635268540e+00;8.677173726325639880e-01;-1.004168739448458636e+00;-3.087000725902091514e-01;1.266718356172594762e-01;7.468926774460094009e-01;8.916523289716521417e-01;5.486087330611080226e-01
1.501803003228609157e+00;1.989335172850206890e+00;1.501803003228609157e+00;1.178533422260355845e+00;-5.984992296046613980e-01;7.153182030143518944e-01;8.831414535129559207e-01;6.401148431211847178e-01;6.239175876957474554e-01;-1.355531320490729053e-01;1.989335172850206890e+00;5.372095137064055725e-01;1.610532967510369673e+00
1.001140090519344605e+00;1.067136661092786376e+00;1.001140090519344605e+00;1.670538697959733199e+00;-1.557568818377688402e-01;5.946047865546821853e-01;1.133514834076790656e+00;1.159090029843578007e-01;-7.938087783169067713e-02;8.196169656236063084e-01;1.067136661092786376e+00;1.862147450174902907e+00;-6.821868524092731256e-01
1.398865076971993915e+00;2.402335063858259900e+00;1.398865076971993915e+00;3.753335621877091910e-01;-1.283158127737045184e+00;-4.234595783065497887e-01;8.821412477177436040e-01;-1.725155681776804617e-01;2.199983453910720144e+00;-2.339886829516848732e-01;2.402335063858259900e+00;1.902046332124443850e+00;2.416056517845944107e+00
9.404481515560150218e-01;4.546296346418219336e-01;9.404481515560150218e-01;3.243028335884909907e-01;3.202206303173874558e-01;4.737421171995876978e-01;2.642203019980262191e+00;6.334428681013433149e-01;-1.361616455653484659e+00;8.232279404906350795e-01;4.546296346418219336e-01;-3.059525412419694668e-02;1.755018515952100788e+00
5.974028973560684408e-01;-1.499510663069398841e+00;5.974028973560684408e-01;2.230086560652417005e-01;1.140942182682283423e+00;9.035725179832144738e-01;1.126866929199283884e+00;9.717508148524242051e-01;9.489919253588188219e-01;-1.477791592349097627e+00;-1.499510663069398841e+00;1.381785708132755808e+00;5.894735276039375638e-01
1.835316623479164022e+00;-9.632366416741923176e-01;1.835316623479164022e+00;1.095293587418137538e+00;1.735393173901253583e+00;-4.803849162260012129e-01;-1.128726303255467300e-02;2.236166621520648157e+00;2.000902624842210820e+00;8.270036838902006249e-02;-9.632366416741923176e-01;3.130991672676486370e-02;1.876682491714542156e+00
8.284308435370543178e-01;5.337042184851195081e-01;8.284308435370543178e-01;5.055942446403625945e-02;-1.648030475462356481e+00;1.048447680392224024e+00;8.719663799171508689e-01;5.412144619289747105e-01;-8.075371462968310432e-01;-2.042205865076311688e-02;5.337042184851195081e-01;7.784662145383982601e-01;1.826209298329409592e+00
1.300407405098440217e+00;1.312484110748652455e+00;1.300407405098440217e+00;1.295025409599927624e+00;-8.546352752313489398e-02;-1.100577939729926236e+00;-9.469551234221532665e-01;-6.275080992094395071e-02;-2.885730509575163971e-01;-5.254120191435192044e-01;1.312484110748652455e+00;-9.322472500133859308e-01;1.144494209339517399e+00
-3.282364224993912227e-01;1.007029055156788866e+00;-3.282364224993912227e-01;1.842420299585294519e-01;8.501836811107054137e-01;1.393266696280425432e+00;-1.490587547649319555e+00;-2.597569625110426883e-01;6.845647360945681381e-01;1.359258748112427417e+00;1.007029055156788866e+00;5.815770772318834547e-01;2.232218602025305643e+00
-4.422914651703941935e-01;4.789224188045396735e-01;-4.422914651703941935e-01;1.976968471653263615e+00;-6.527650714254553677e-01;3.856135699972740305e-01;1.890660086069525514e+00;6.749341859802703292e-01;4.494697037183589261e-01;-2.796675855140013933e-01;4.789224188045396735e-01;1.349836049851364628e+00;4.633480787706301118e-02
1.147047193890492700e+00;2.407662811999029095e+00;1.147047193890492700e+00;-5.530062101683539399e-01;2.854742718849384575e-01;-9.183133132148894040e-01;2.535884619122029449e+00;1.132929495576755929e+00;8.632106951242394244e-01;-1.866695070136880519e+00;2.407662811999029095e+00;2.829054777509679042e+00;3.534125599898410020e-01
-7.657773902743909566e-01;1.504198279407738870e+00;-7.657773902743909566e-01;1.377168302621467166e+00;3.931401829995173625e-02;-1.374829834787901106e+00;7.367173236448960882e-02;6.613941460579527698e-01;-1.731572833364186381e-01;-2.801653412471450388e-01;1.504198279407738870e+00;2.972127215973376924e-01;-8.429677967868430821e-01
6.076301951487882436e-01;7.098010296648927797e-01;6.076301951487882436e-01;6.319376800380531733e-01;-1.327951577725034360e+00;1.475905517652322807e+00;1.121360722969240858e-01;-6.240458491132886559e-02;2.272538066636129450e-01;4.803639953048610689e-02;7.098010296648927797e-01;-1.403123612642925178e+00;2.242101562929366687e-01
8.863759436611655662e-01;2.519012618222628563e-01;8.863759436611655662e-01;4.909026110123194675e-01;1.622619573244446833e+00;2.066071782594934625e+00;1.611076643947343179e+00;-1.439340897459964630e+00;-7.569332379779236675e-01;-1.227818594875228930e+00;2.519012618222628563e-01;1.616433836552986225e+00;-8.182367591322035061e-01
2.318139562463156444e+00;5.589511619298380696e-01;2.318139562463156444e+00;1.957342453150418660e+00;3.068688438320787082e+00;4.151052896650688218e-01;6.561043402837229976e-01;7.548654809776277341e-01;-4.199282961224496402e-01;3.460038076365524184e-01;5.589511619298380696e-01;1.823793204022479797e+00;1.817168832351333752e+00
2.462079632140432017e-01;1.025998742258667162e+00;2.462079632140432017e-01;-2.317943764485632219e+00;7.178682453145166509e-01;7.657021308284295280e-01;4.720575419522896610e-01;-1.129634243813508881e-01;1.817434604479503779e+00;2.015475469064660352e-01;1.025998742258667162e+00;1.384695608479103335e+00;1.100736817412436563e+00
1.374903030762225642e+00;-3.247181596742465537e-01;1.374903030762225642e+00;6.151418835336693869e-01;-3.568384856142464701e-01;4.998661131386563650e-01;-1.516568659097642158e+00;3.322029038189035499e-01;2.614834645146006054e+00;9.079684946287137626e-01;-3.247181596742465537e-01;-3.301108130870937796e-01;-1.735017570702991341e+00
2.190337260170821310e+00;2.169408054059551727e+00;2.190337260170821310e+00;8.915151732657382588e-01;-1.468547976413947964e+00;6.974218233186795235e-01;-9.258394507629544856e-01;-5.583627727591720102e-01;-4.663609839883710584e-01;-1.758476168131031248e+00;2.169408054059551727e+00;4.594265016588983119e-02;9.814877234148928764e-01
-1.253921790196530495e-01;-2.178971948070302089e-01;-1.253921790196530495e-01;-8.449794718377580116e-01;8.814607576523768584e-01;-2.848869503793822755e-01;1.534122149137019608e+00;2.044905895924435946e-01;-1.244415555350483760e-01;-7.072731453613619879e-01;-2.178971948070302089e-01;8.480317040852842769e-01;3.374056887973618135e+00
-4.094882006358150361e-01;1.394221060648988875e+00;-4.094882006358150361e-01;-7.258570471648920774e-01;-1.503468139003702131e+00;8.437491190683527043e-01;1.436561925552681807e+00;2.137507192471324036e+00;-4.399802043185003786e-01;-4.219591010867906888e-02;1.394221060648988875e+00;3.729894654775649521e-01;1.630216428956059449e+00
7.219218098394817318e-01;6.689708618607604906e-01;7.219218098394817318e-01;1.130785928495825043e+00;-8.872002548377806441e-01;9.049947195683638590e-01;2.184823951905886297e+00;2.537297916587722746e+00;3.166363867320241443e+00;-2.103558549826280433e-01;6.689708618607604906e-01;7.376761714285268168e-01;1.463121600514205589e-01
1.826417818642133151e+00;1.143050297355231226e+00;1.826417818642133151e+00;-8.422526722629403162e-01;-8.145403092544624135e-01;-2.851098467671389081e-01;1.110966929628563332e-01;1.235205703859695303e-01;1.066474212383645259e+00;1.466029372489698890e+00;1.143050297355231226e+00;-5.973586564210828787e-01;2.987774208544499821e+00
1.601771434270676142e+00;1.205308258275619604e+00;1.601771434270676142e+00;-1.551559023968037687e+00;-4.112039764820276666e-01;-8.956264215060966150e-01;-2.811105441275079664e-01;1.338361240789756046e+00;-2.388634228797262560e-01;3.846749763131340760e-02;1.205308258275619604e+00;-6.803833097344150760e-01;4.552307989014829914e-01
-3.397805719482087095e-01;2.952292782036197050e+00;-3.397805719482087095e-01;2.062819189356535077e+00;2.956969625052359163e-01;6.123241348598710276e-01;3.159994942412288621e-01;1.383239161026068142e+00;5.604837590823490423e-01;1.353000413745218289e+00;2.952292782036197050e+00;1.100068809527882108e+00;-8.644136248464356909e-01
-1.634101104549050776e+00;-1.367468476679646550e+00;-1.634101104549050776e+00;1.474997960477474335e-01;-1.155425438433317353e-01;2.052821472840399286e-01;1.178371753884315476e+00;-1.383011535484065524e+00;7.205236666955299185e-01;-2.754947309598712035e-01;-1.367468476679646550e+00;1.867700673948591295e-03;2.272592917446180305e+00
1.040078140814073349e+00;-2.673765097099812582e+00;1.040078140814073349e+00;-9.735550361450406864e-01;7.353624972398834503e-01;1.371626152542427812e-01;2.165932853495957211e+00;-1.111171620944738869e+00;-1.034189561114911449e+00;-6.926891516026632001e-01;-2.673765097099812582e+00;4.902264409498209297e-01;2.885086809500493898e-01
9.932543429362962195e-01;-1.646103734640768312e+00;9.932543429362962195e-01;2.212557497217294333e+00;1.190440074716485608e+00;-1.057198793689244409e+00;6.659998965095765833e-01;-7.088529200405249142e-01;1.439235162455983597e+00;4.409009256174892810e-01;-1.646103734640768312e+00;-1.518676671471015149e+00;-6.716594116983064522e-01
1.097078733784679461e+00;2.188426002334496467e-01;1.097078733784679461e+00;9.749990599936027014e-01;2.369388838574890244e+00;6.576060385041497813e-01;2.045770171983275265e+00;7.441608234593395377e-01;1.779310948058318853e-01;3.377367223309280853e+00;2.188426002334496467e-01;9.652318515911501029e-01;-4.225575186346948175e-01
1.121306627803312139e+00;1.447446378045549764e+00;1.121306627803312139e+00;-8.569688391416216966e-01;2.001471515686329194e+00;-7.668035835685425017e-01;-9.893804985486631676e-01;3.556791262401137743e-01;1.828761891349859781e+00;-1.779946405800177267e+00;1.447446378045549764e+00;-1.288606957804569353e+00;-4.468883107737249283e-01
2.044426074147416728e+00;1.501201035391873440e+00;2.044426074147416728e+00;5.272278890603498969e-01;-3.633903585258213553e-01;1.772482449943089122e+00;-4.400451445970754993e-01;7.965868170798935388e-01;4.251256524149809035e-01;2.004910260697903568e-02;1.501201035391873440e+00;1.489936961649849678e+00;3.068294341853802898e+00
9.679820517737259822e-01;6.932688466926367754e-01;9.679820517737259822e-01;1.087979541631544506e-01;1.370561113005462239e+00;-4.800112231775753302e-01;1.832170516915923697e+00;1.983071795277340010e+00;6.876861977489077127e-01;1.099667889469065685e+00;6.932688466926367754e-01;2.243965781457556430e-01;-7.704204856796981193e-01
1.100746931507468052e+00;-2.156122605410076276e-01;1.100746931507468052e+00;1.179939930878791454e+00;2.084854380340010138e+00;9.878508569984975063e-01;-1.532438314852919925e+00;2.019724197629650386e-01;1.051997849632957616e+00;-8.131709836272317526e-02;-2.156122605410076276e-01;-1.804980447715994196e-01;-9.890455093488780269e-01
4.887839344564003374e-01;2.034777414272055829e+00;4.887839344564003374e-01;2.061400402019217815e+00;2.257802228165635583e+00;-5.060626415541116252e-01;1.780289345803925283e+00;1.278946485298535940e+00;5.973017085984578811e-01;4.612371003591669294e-01;2.034777414272055829e+00;7.335720659655421416e-01;-3.018824222454651873e-01
-3.241145834013156035e-01;1.114126316328245103e+00;-3.241145834013156035e-01;-9.255940711960075618e-01;2.329555262080861056e+00;4.597172398482999439e-02;-6.587961623360219510e-02;8.263222288016212058e-01;1.436883913440636151e+00;4.718806416799745107e-01;1.114126316328245103e+00;-7.823391689204790556e-01;1.508130705997078769e+00
9.589674150438745048e-01;-2.483028391672966961e+00;9.589674150438745048e-01;-3.626337294154389213e-01;2.604567464649010677e+00;1.166220437865046922e+00;-1.831247505712388368e-01;1.833950668971422449e+00;1.108284509172844601e+00;-1.239083614393097887e+00;-2.483028391672966961e+00;2.047051945047331678e+00;4.462005724551235120e-01
3.790456767106407110e-01;4.789119297590506141e-01;3.790456767106407110e-01;6.393485953149113943e-02;1.226586959045477654e+00;1.985465257577236020e+00;-1.446677639946598593e+00;-6.848976165411932993e-01;1.346071264906069764e+00;1.175783773533835452e+00;4.789119297590506141e-01;8.347040186163152686e-01;-7.336005153008073876e-01
-7.549335553860867520e-01;-9.375714370007273146e-01;-7.549335553860867520e-01;8.139043866836362939e-01;8.095390362941701223e-01;9.811065654870512187e-01;-8.620014360069632176e-01;1.936839411038296488e+00;2.294599267265693854e+00;1.630126089357038177e+00;-9.375714370007273146e-01;5.803314475109990767e-01;-1.291207726329326178e-01
-5.423661827347828757e-01;-2.296870373041906443e+00;-5.423661827347828757e-01;1.040265353802085624e+00;2.739209729886654454e+00;1.673621569168836309e+00;6.059870470340933402e-02;4.169754396712579414e-01;1.292280375268465065e+00;2.029495052595961524e-01;-2.296870373041906443e+00;2.398386677221838736e-01;8.995917706808242986e-01
-1.560706003051996360e+00;8.523744266138989500e-01;-1.560706003051996360e+00;1.162085936619836390e+00;-2.477135131772336685e-01;2.518105359851201541e+00;-2.607382530943096466e-01;6.751620000012218403e-01;1.971283405884448614e-01;3.483308508387968905e-01;8.523744266138989500e-01;2.456706068048130298e+00;1.419597659417490609e+00
1.011917025639608031e-01;1.398096028700197557e+00;1.011917025639608031e-01;3.304223239632332332e-01;1.148127786035574749e+00;-1.281845145240093409e+00;-2.035476960435275359e-02;4.974452592692147901e-01;4.840296230285727752e-01;1.317893836345832792e+00;1.398096028700197557e+00;5.036269847467844674e-01;-8.506238249401444351e-01
2.521837575638329554e+00;2.509955125884991478e+00;2.521837575638329554e+00;2.520325420353692891e+00;-5.251496736245164776e-01;1.306489211366039127e+00;1.858896209961297785e+00;-1.076707592936072960e-01;4.889444991166744248e-01;1.863670365531547635e+00;2.509955125884991478e+00;2.566531799596944552e+00;-7.925058010959957350e-03
1.457571634077718059e+00;1.897900798617892626e+00;1.457571634077718059e+00;-1.356899952863253045e-01;4.040632464175021310e-01;-2.136539485003345451e+00;2.318494201988905878e+00;5.641987017449343611e-01;8.020208305033647012e-01;2.591907689282396010e+00;1.897900798617892626e+00;-1.270769447142604536e+00;1.025983559154806324e+00
9.918663852474662868e-01;1.324725718231352767e+00;9.918663852474662868e-01;2.621818894002456712e-01;2.029578676490174871e+00;1.550327211284457496e+00;-9.396726722428890843e-01;1.137768934002195476e+00;6.723281007882359050e-01;-1.510088762884015390e+00;1.324725718231352767e+00;-2.312795239277064541e-01;-1.013995728483392700e+00
1.058797911523086777e+00;-1.350773338033912641e-01;1.058797911523086777e+00;8.448582515971226892e-01;-1.969359997935058448e-01;5.896193288006985611e-01;1.419906619553232163e+00;1.393359333866526439e+00;-5.801821155282151921e-01;2.945983998121019631e+00;-1.350773338033912641e-01;1.071996185724442663e+00;-7.483247259227695514e-01
5.244248455190512193e-01;3.114435847533496560e-01;5.244248455190512193e-01;1.718256091293534071e-01;1.429708183008645550e-01;1.069467836614897305e+00;1.505049328749350046e+00;2.075310131152185988e-02;1.370016240175138789e+00;9.097119550156324008e-01;3.114435847533496560e-01;1.941446897787951098e+00;3.111441529530367678e-01
4.462828537011932079e-02;-1.360902916487858105e+00;4.462828537011932079e-02;-8.608389160420859554e-01;-1.007198739797741771e+00;6.203901182267607117e-01;2.024995771865443217e+00;-3.940100594229880571e-01;4.383822814677392210e-01;-1.654781870641131247e+00;-1.360902916487858105e+00;-2.538586428820073237e-01;1.588852955480658968e+00
-2.181114105818344751e+00;-1.715601638420900243e-01;-2.181114105818344751e+00;2.360585279241291357e+00;1.571434793992639634e+00;-2.061790529329784238e+00;-7.465972894639814061e-01;4.391108284030242892e-02;1.734949158265672309e-01;1.427160239312454060e+00;-1.715601638420900243e-01;-3.131915316663751447e-01;-2.689277829368975081e-01
3.294722756815706699e+00;1.006256098780597297e+00;3.294722756815706699e+00;1.534665545994121416e+00;-8.125870381384189267e-01;3.833844000442285793e-01;-2.396524068213268688e+00;8.122333046424728975e-01;3.733267442801936342e-01;1.752737200956596464e+00;1.006256098780597297e+00;1.117129450642331934e+00;2.794581352819897058e-01
1.556882692182350869e+00;-1.887462732787700478e-02;1.556882692182350869e+00;3.815983249560774698e-02;-5.914481710099663836e-01;1.173595325161982839e+00;-5.974151088796444409e-01;2.161164099747464817e+00;-5.197776111986890379e-01;1.928606284414869698e+00;-1.887462732787700478e-02;7.361429882964747318e-01;-7.224302423684144658e-01
1.620148689687894716e-01;-9.634638830309226742e-01;1.620148689687894716e-01;5.224181121252076121e-01;-1.178193763278816419e+00;6.830080978682598891e-01;1.319003726365496565e+00;1.105631180218545895e-01;4.090500169832209654e-01;2.121141474748250211e+00;-9.634638830309226742e-01;2.253571750630889714e-01;1.942414727736885949e+00
-1.369150939514938159e-01;-6.927223503803235649e-02;-1.369150939514938159e-01;-3.378879761669102422e-01;-8.843432280081675589e-01;1.496628951176725231e+00;2.433451731983349298e+00;-2.635610208137810773e-01;6.111440819771781774e-01;-1.345972149796976214e-01;-6.927223503803235649e-02;4.403832529932211415e+00;3.117637212512308853e+00
2.143963539383160644e+00;2.557519702910854065e+00;2.143963539383160644e+00;2.596988271844656193e+00;-1.178801251747167544e+00;-8.271616078195921373e-01;-6.108539358820304077e-01;6.233318823704134815e-01;-1.235191040339317592e+00;-2.325596461690968564e-01;2.557519702910854065e+00;4.959518179281882655e-01;5.134769971129584665e-01
-1.243166928557956963e+00;-2.518650425096473633e-01;-1.243166928557956963e+00;-2.265944014972792075e+00;1.130967182472329746e+00;-7.720656979138184051e-01;1.419300782625738000e+00;-1.990288484619148202e-01;-3.950628957980223399e-01;6.615969059101786121e-01;-2.518650425096473633e-01;1.266779720454427327e+00;1.915208700579922318e+00
2.800732188252854193e+00;1.689685387772387859e+00;2.800732188252854193e+00;1.525489445442371750e+00;1.413363407555457973e-01;1.626955239049828528e+00;2.253971103053048708e+00;1.834938144937968696e+00;9.994877699232170842e-01;2.275310753532133301e+00;1.689685387772387859e+00;3.030297713645602187e-01;1.932604266707572016e+00
-8.287204220170949487e-01;1.219328101780770446e+00;-8.287204220170949487e-01;-2.063122038803941738e-01;1.068520973466232427e+00;-2.582652126410740490e-01;1.078802182746938954e+00;-4.086068211000692951e-01;1.168568208357775529e+00;1.627116012061277761e+00;1.219328101780770446e+00;-4.870275051214084105e-01;1.962317726534120732e-01
2.611610573317618700e-01;-1.018261826286727345e+00;2.611610573317618700e-01;-1.670773846998599987e+00;3.460299264465953595e-01;-2.771972810988562741e-01;2.553148109327888271e+00;1.346087133158051508e-01;-4.062502738810438441e-01;2.011513519972838004e+00;-1.018261826286727345e+00;1.981080875499583893e+00;4.880694293472697121e-01
4.659128348164883748e-01;-1.621642630138815822e+00;4.659128348164883748e-01;-1.014377572529684635e+00;-5.313016159016975548e-01;1.655158489979524639e+00;1.670272241419124004e+00;1.590078181824593262e+00;-1.289121741401327015e-01;-5.134381294744709834e-01;-1.621642630138815822e+00;2.348386266119137089e-01;6.264843926640845106e-01
-2.216273524388961136e-01;9.642464362517371157e-01;-2.216273524388961136e-01;1.391600009432335083e+00;7.121195223457195134e-01;3.084712189886835265e+00;3.305060634215881699e-01;1.472393165507445811e+00;-3.868598341480919411e-01;2.199468010408981572e-02;9.642464362517371157e-01;-6.709752693008540492e-01;7.657688009108432059e-02
2.516386235123530657e+00;-1.083888695190140083e+00;2.516386235123530657e+00;-2.584070383327391252e+00;-8.453323287722677160e-01;-3.617914040684762078e-01;2.654559994114798371e+00;-5.678284737862069331e-01;9.262578392259701587e-02;3.156188659266986996e+00;-1.083888695190140083e+00;1.546666384336301103e+00;1.974005016134123824e-01
-7.655519862822155464e-01;1.678881661708495399e+00;-7.655519862822155464e-01;8.969467718970638437e-01;3.787083695953867846e-01;1.064232494021749575e+00;4.977266799284629784e-02;-2.777085082973092867e+00;2.871414182296445183e+00;1.364989638804172678e+00;1.678881661708495399e+00;1.111602536368899941e+00;1.067611033308875079e-01
7.071320036917714269e-01;-5.557575576219191404e-01;7.071320036917714269e-01;-1.676321903490574430e-02;1.355665628192843641e+00;-1.911052281928762864e-02;6.803131655812182377e-01;-6.280939067919986130e-01;3.974443474216614591e-01;4.521551240594366972e-01;-5.557575576219191404e-01;3.337020408380817482e-01;1.524309350412451192e+00
3.036972262702639647e-01;-6.413343257341475034e-01;3.036972262702639647e-01;-2.584930266062288595e-01;-5.321018718842321915e-01;1.729867061097563941e+00;7.112215502814512869e-01;4.811902926827860139e-01;1.037018954631505396e+00;1.316458097341760336e+00;-6.413343257341475034e-01;-1.724631766288422963e+00;-3.484268250288903301e-01
4.383062810317146507e-01;7.854307071608448432e-01;4.383062810317146507e-01;2.085628277102094863e+00;1.226221037597770902e+00;-7.274854201492990668e-01;-6.542846360170782027e-01;1.050392080421753471e+00;-1.182728341033539632e+00;-1.855334038005844732e+00;7.854307071608448432e-01;5.555430186896144207e-01;1.687948532020547288e-01
-3.477996149813860072e-01;1.322313004295543548e+00;-3.477996149813860072e-01;-1.815977070376115776e-01;-1.811600049946026358e-01;8.833496293780975783e-01;1.221141118003832071e+00;5.697005584868806150e-01;7.613854339499037671e-01;1.617728880245025591e+00;1.322313004295543548e+00;1.764700449301121576e+00;1.358286294762886648e+00
1.547756976608851254e+00;2.337865088267175651e+00;1.547756976608851254e+00;-1.507292250146515133e+00;1.138694075396572192e+00;5.835791165949757442e-01;-2.316945156174876175e+00;2.019558720909014227e+00;6.332871627579733653e-01;-2.446493582978069570e-02;2.337865088267175651e+00;1.514761604989709687e+00;1.449827030620286950e+00
3.998877427711541865e-02;6.773145150373834911e-01;3.998877427711541865e-02;1.784534942290358916e+00;1.455501743113510438e+00;5.017278326122105447e-01;-6.655163426187910014e-01;3.029006717413985084e-01;1.797636252546064295e-01;-1.404702425278465672e+00;6.773145150373834911e-01;-1.910747192578014786e-01;-2.497341393096221829e+00
5.358589860837923435e-01;-3.151562670182370129e-01;5.358589860837923435e-01;-2.709755454003940356e-01;1.766911663783316877e+00;1.747249133554632738e+00;5.636544012149665717e-01;-8.259275490984351320e-01;1.086961228086868347e+00;7.584840547431418445e-01;-3.151562670182370129e-01;1.239403490418619525e+00;2.293377999536192036e+00
-7.773406172023836769e-01;-9.786670133298662755e-01;-7.773406172023836769e-01;1.637581918431387340e+00;-1.225397588619903111e-01;1.116937202123282846e+00;-1.513815846219401795e-01;2.028433885931825387e+00;3.949714891024675989e-01;3.232717295912679312e-01;-9.786670133298662755e-01;8.924215713764460656e-01;1.569747431007740168e+00
-3.225554377599262335e-01;7.676292208408301843e-01;-3.225554377599262335e-01;1.381686967594271565e+00;8.444257455897823395e-01;2.348040034401234433e+00;1.475551393080990925e+00;-1.275191623577351496e+00;-2.160742807201921356e-01;1.951642440909402865e+00;7.676292208408301843e-01;-1.879488201029744232e-01;1.411906782153042661e+00
1.538570467617752957e+00;1.581567906500601861e+00;1.538570467617752957e+00;8.089296261739087335e-02;6.530501771490404561e-02;6.641640493337543916e-01;-1.308104875112319210e-01;1.570511976906165064e+00;2.899348227089392216e-01;1.901560217766959715e+00;1.581567906500601861e+00;3.473865323473475097e-01;-1.084310583530154082e+00
7.731125232745812426e-01;2.050137161746747427e+00;7.731125232745812426e-01;-5.347443835518703725e-01;9.294771100858415513e-01;2.561135134831814320e+00;-9.262333367895284608e-01;-7.551214034370432593e-01;-6.246621432758358017e-01;-4.339359987691351894e-01;2.050137161746747427e+00;4.897096643728354182e-01;2.752949872920318342e+00
2.124923795791033854e+00;1.776270643480305056e+00;2.124923795791033854e+00;1.064757304539286187e+00;7.595433995426336127e-01;9.451213131132000234e-01;1.726331135093284397e+00;9.283171711174955515e-03;-1.155244175817844443e+00;-1.802296338499622674e-01;1.776270643480305056e+00;6.324415167505172963e-01;8.219361327289933516e-01
-3.284714188613300223e-01;9.473238855556305460e-02;-3.284714188613300223e-01;-2.166587481942050530e-01;1.722985772616574707e+00;-1.210502773591001668e+00;2.202563232629976220e+00;-1.353154944095443346e+00;7.580685576815913151e-01;8.550134360762540187e-01;9.473238855556305460e-02;1.231485927389248669e+00;-4.083915417405126203e-01
2.392981585692336655e+00;1.365694824485680359e+00;2.392981585692336655e+00;1.307074213426194120e+00;-5.035623040791845639e-01;6.317892242611931053e-01;1.144140050726411673e+00;2.452562958373120772e+00;1.477802147311266801e-01;1.043793687377979396e+00;1.365694824485680359e+00;6.520271466850182662e-01;-8.168181381507555461e-01
2.153570824954737617e+00;-1.107138299827616912e-01;2.153570824954737617e+00;1.412712393705505942e+00;-3.485796408573360039e-01;2.002086458353748100e+00;1.251297984789101481e+00;1.017345616561538213e+00;1.035664339652528687e+00;7.088348478435483324e-01;-1.107138299827616912e-01;7.470778771559638542e-02;1.926598524135470503e-01
-4.092920365192926901e-01;2.605607728455484384e+00;-4.092920365192926901e-01;2.656625865945765774e+00;2.779296574053105595e-01;2.911107667013478562e+00;-2.343599448773266702e-01;5.176062241370521511e-01;6.064406248136378075e-01;7.888793734666451618e-01;2.605607728455484384e+00;1.125059620476307032e+00;3.214162032782428291e+00
-7.513517822646956779e-01;1.201129073306187234e+00;-7.513517822646956779e-01;7.962280593283636160e-03;-1.775996440341120142e+00;7.029474432084956703e-01;3.217646133115013574e-01;-1.438373580216081304e-01;-3.360937274030728616e-01;-1.081128533214154697e+00;1.201129073306187234e+00;2.437134794707693786e+00;-7.609976834901183151e-01
2.375674051198214176e+00;9.460235085270176647e-01;2.375674051198214176e+00;-4.338279108826448294e-02;1.595413849022647268e+00;-3.513269786436900022e-01;2.764428800012301846e+00;2.338551462987156215e-01;1.599821314404830552e+00;5.578761983884731324e-01;9.460235085270176647e-01;9.748846168931956102e-01;6.050053963641084387e-01
4.281970854332216581e-01;9.924803663206651638e-01;4.281970854332216581e-01;-2.086489619440992094e-01;-8.927651385828305752e-01;6.780222461694842551e-01;2.507353687312271484e-01;-2.402210996753881556e-01;8.146827691537444904e-01;-4.544563714554532563e-01;9.924803663206651638e-01;1.275704569803817190e+00;1.411074485838265780e+00
9.602943923196711751e-01;-1.224157203154211393e+00;9.602943923196711751e-01;3.084473262077311873e-01;-6.025867321462691217e-01;1.650174094957717719e+00;7.601427944859857622e-01;1.695159492087566777e+00;-4.942563278736900600e-01;1.959721153563143969e-01;-1.224157203154211393e+00;9.999108101821810868e-01;-1.782581465577303126e-01
4.581230378483458487e-01;2.342346866936124636e-02;4.581230378483458487e-01;1.957719390314942132e+00;4.149817205499422013e-01;1.247264835200992739e+00;1.267212809643087634e-01;-4.904949947662810006e-01;1.030281548317015572e+00;1.159332594193490662e-01;2.342346866936124636e-02;6.975885653739690717e-01;6.158716216567317048e-01
1.351432047199496445e-01;1.023700897397221032e+00;1.351432047199496445e-01;1.409068400673453070e+00;7.729746032578268533e-01;2.659066250059318293e+00;2.684862156445849912e+00;-8.317952058921040948e-01;-8.311736003753246449e-02;-7.774862645552333973e-01;1.023700897397221032e+00;-1.362352785088230211e+00;-1.023615838068479444e+00
1.043240698825771196e+00;-1.177390713379820042e-01;1.043240698825771196e+00;9.371585075310325808e-01;1.359805021081034626e+00;-1.077500454052000567e-01;-2.077260549596681716e-01;1.121226412628498759e+00;1.081512937189441415e+00;-5.076800241534419333e-01;-1.177390713379820042e-01;-1.710134256109805628e+00;8.130835024607497852e-01
-9.185259970005404950e-02;-1.099884805715329650e+00;-9.185259970005404950e-02;1.636669272109839923e+00;-3.562773248359034639e-01;-7.284438745940905457e-01;9.283866645929642614e-01;1.158818915813198513e+00;-6.697545383550247422e-01;5.752617809323528064e-01;-1.099884805715329650e+00;-1.358552707506980317e+00;-4.116317648725538181e-01
-4.340137928270637602e-01;2.083403895256918048e+00;-4.340137928270637602e-01;3.397058355840523181e-01;3.817005728627158589e-01;-5.861780054928077410e-01;3.419366550372954006e+00;8.895987667649173369e-01;7.546191882799440087e-01;3.271529633305718665e+00;2.083403895256918048e+00;-1.935745962873978709e-01;1.157847934335272555e+00
7.670424197877997452e-01;4.343763256140984463e-01;7.670424197877997452e-01;-9.997343399537395037e-02;1.139798227378467921e-01;1.870171439508596656e+00;-2.218853536776852042e+00;-2.948579658366430323e-01;1.172698514712969375e+00;2.305716466051574987e-01;4.343763256140984463e-01;1.133449928290257702e+00;1.873643474699262290e+00
5.498383159584330215e-01;1.202073999161230811e+00;5.498383159584330215e-01;-4.512210949871234833e-01;-2.550011139727148990e+00;-4.516895635374270079e-01;-5.980189455803215370e-01;-2.642814833201456270e+00;8.142867271806434326e-01;-9.013077376410461028e-01;1.202073999161230811e+00;1.097241903800678209e+00;1.718750724047412914e+00
2.706018054438762199e+00;-9.541340561332474213e-01;2.706018054438762199e+00;-5.149063362032667568e-01;4.297438631724148639e-02;4.140285097138562964e-02;-2.384122069268717059e-01;1.798263112380766859e+00;-2.201209146581180054e+00;6.328188335409555831e-01;-9.541340561332474213e-01;-4.718224855034269249e-01;9.416395999269280281e-01
1.309043203511040643e+00;8.200509487121855345e-01;1.309043203511040643e+00;2.415540387517497722e-01;2.256743370586312913e+00;-2.199083138323786046e-01;-6.828733212975722777e-01;-4.482193469832205790e-01;-1.476249172250948094e+00;1.057496532510831422e+00;8.200509487121855345e-01;1.090985044577932328e+00;1.288429956415735766e+00
5.955515216510638421e-01;2.267585700321729458e+00;5.955515216510638421e-01;-3.505378914582599759e-01;1.837602596286791901e+00;-1.000869303718936676e+00;1.055244164942014118e+00;-1.813693042068354744e-01;-4.306484852738592939e-01;5.462583775164071564e-01;2.267585700321729458e+00;2.759000123291249773e-01;7.539873155810713490e-01
3.249984731932117121e+00;-4.130754090137508938e-03;3.249984731932117121e+00;1.864653329941284632e+00;1.017768579342110541e-01;1.295117348736170015e+00;1.699095341675931792e+00;-1.539666828867032100e+00;1.575607946268149817e+00;7.120245924143399074e-01;-4.130754090137508938e-03;3.256091881224094653e-01;-7.811869185504924928e-01
1.102727531073384837e+00;1.022765726672574482e+00;1.102727531073384837e+00;5.489293146813200019e-01;1.382636471730764871e+00;6.968770001816448900e-01;1.476128313665345804e+00;-4.334304452092121451e-01;7.318845337234887172e-01;-1.121002646449036355e+00;1.022765726672574482e+00;9.887095169519772853e-01;4.012902740657190992e-01
